Dish_name,Ingredients,Veg_Non-veg,Nutrients,portion_g,protein_g,carbs_g,fat_g,fiber_g,micro_nutrients
aloo baigan,"Potato, brinjal",Veg,"Potassium, Fiber, Vitamin C",200,4,28,7,5,"Potassium, Vitamin C, Vitamin B6, Folate, Manganese"
rajma,Rajma,Veg,"Protein, Fiber, Iron",200,14,34,5,12,"Iron, Folate, Magnesium, Potassium, Phosphorus, Zinc"
soya chunks,Soya chunks,Veg,"Protein, Iron, Calcium",150,25,18,1,8,"Iron, Calcium, Magnesium, Phosphorus, Potassium, Folate"
palak aloo,"Spinach, Potato",Veg,"Iron, Vitamin A, Fiber",200,5,27,7,6,"Iron, Vitamin A, Vitamin K, Folate, Vitamin C, Potassium"
methi aloo,"Methi , Potato",Veg,"Iron, Fiber, Vitamin A",200,5,29,7,6,"Iron, Vitamin A, Vitamin K, Folate, Vitamin C, Potassium"
tomato chutney,Tomato,Veg,"Vitamin C, Lycopene, Potassium",100,2,9,4,2,"Vitamin C, Lycopene, Potassium, Vitamin A, Folate"
gavar,Cluster bean,Veg,"Fiber, Vitamin C, Folate",150,4,14,6,6,"Vitamin C, Folate, Vitamin K, Calcium, Iron, Potassium"
paneer mutter,"Paneer, green peas",Veg,"Protein, Calcium, Vitamin B12",200,16,18,16,5,"Calcium, Vitamin B12, Phosphorus, Vitamin A, Folate, Iron"
egg masala,Egg,Non Veg,"Protein, Vitamin B12, Choline",180,14,8,15,2,"Vitamin B12, Choline, Vitamin D, Selenium, Vitamin A, Iron"
egg bhurji,Egg,Non veg,"Protein, Vitamin B12, Choline",150,13,5,14,1,"Vitamin B12, Choline, Selenium, Vitamin D, Vitamin A, Iron"
bharle baigan,Brinjal,Veg,"Fiber, Potassium, Vitamin C",180,4,17,8,6,"Potassium, Vitamin C, Folate, Vitamin K, Manganese"
besan,Besan,Veg,"Protein, Fiber, Folate",100,8,22,5,5,"Folate, Iron, Magnesium, Phosphorus, Potassium, Zinc"
mix veg,"Potato, Carrots, Green Peas, Capsicum",Veg,"Fiber, Vitamin A, Vitamin C",200,6,28,7,7,"Vitamin A, Vitamin C, Vitamin K, Folate, Potassium, Manganese"
lauki kofte,Bottle guard,Veg,"Fiber, Vitamin C, Potassium",200,6,23,10,4,"Vitamin C, Potassium, Folate, Vitamin K, Calcium"
lauki aloo curry,"Bottle guard, Potato",Veg,"Fiber, Potassium, Vitamin C",200,4,27,6,5,"Potassium, Vitamin C, Vitamin B6, Folate, Manganese"
masoor dal,Red lentil,Veg,"Protein, Iron, Folate",200,15,30,5,9,"Iron, Folate, Magnesium, Potassium, Phosphorus, Zinc"
moong daal,Yello lentil,Veg,"Protein, Fiber, Folate",200,14,30,4,8,"Folate, Iron, Magnesium, Potassium, Phosphorus, Zinc"
moong sprouts,Green lentil,Veg,"Protein, Vitamin C, Folate",150,10,18,2,6,"Vitamin C, Folate, Iron, Vitamin K, Magnesium, Potassium"
black chana,Chana,Veg,"Protein, Fiber, Iron",200,15,32,5,11,"Iron, Folate, Magnesium, Potassium, Phosphorus, Zinc"
cauliflower,"Cauliflower, potato",Veg,"Vitamin C, Fiber, Folate",200,5,25,6,6,"Vitamin C, Folate, Vitamin K, Potassium, Vitamin B6, Manganese"
cabbage,"Cabbage, potato",Veg,"Vitamin C, Vitamin K, Fiber",200,5,26,6,6,"Vitamin C, Vitamin K, Folate, Potassium, Vitamin B6, Manganese"
turai with moong daal,"Ridge guard, yellow lentil",Veg,"Protein, Fiber, Vitamin C",200,12,25,5,7,"Vitamin C, Folate, Iron, Magnesium, Potassium, Phosphorus"
pulav,"Green peas, potato, carrots, beans",Veg,"Carbohydrates, Fiber, Vitamin A",200,6,42,7,5,"Vitamin A, Vitamin C, Folate, Vitamin K, Iron, Potassium"
chickpeas,Chickpeas,Veg,"Protein, Fiber, Iron",200,15,32,5,11,"Iron, Folate, Magnesium, Potassium, Phosphorus, Zinc"
